#FFFF00,#FFFF00,#FFFF00,#FFFF00,#FFFF00,#FFFF00,#FFFF00,#FFFF00,#FFFF00,#FFFF00
#FFFF00,#FFFF00,#FFFF00,#FFFF00,#FFFF00,#FFFF00,#FFFF00,#FFFF00,#FFFF00,#FFFF00
#FFFF00,#FFFF00,#FFFF00,#FFFF00,#FFFF00,#FFFF00,#FFFF00,#FFFF00,#FFFF00,#FFFF00
#FFFF00,#FFFF00,#FFFF00,#FFFF00,#FFFF00,#FFFF00,#FFFF00,#FFFF00,#FFFF00,#FFFF00
#FFFF00,#FFFF00,#FFFF00,#FFFF00,#FFFF00,#FFFF00,#FFFF00,#FFFF00,#FFFF00,#FFFF00
#800080,#800080,#800080,#800080,#800080,#FFFF00,#FFFF00,#FFFF00,#FFFF00,#FFFF00
#800080,#800080,#800080,#800080,#800080,#800080,#800080,#800080,#800080,#800080
#FF0000,#FF0000,#FF0000,#FF0000,#FF0000,#800080,#800080,#800080,#800080,#800080
#FF0000,#FF0000,#FF0000,#FF0000,#FF0000,#800080,#800080,#800080,#800080,#800080
#FF0000,#FF0000,#FF0000,#FF0000,#FF0000,#800080,#800080,#800080,#800080,#800080
#FF0000,#FF0000,#FF0000,#FF0000,#FF0000,#800080,#800080,#800080,#800080,#800080
#FF0000,#FF0000,#FF0000,#FF0000,#FF0000,#00FFFF,#00FFFF,#00FFFF,#00FFFF,#00FFFF
#FF0000,#FF0000,#FF0000,#FF0000,#FF0000,#00FFFF,#00FFFF,#00FFFF,#00FFFF,#00FFFF
#FF0000,#FF0000,#FF0000,#FF0000,#FF0000,#00FFFF,#00FFFF,#00FFFF,#00FFFF,#00FFFF
#FF0000,#FF0000,#FF0000,#FF0000,#FF0000,#00FFFF,#00FFFF,#00FFFF,#00FFFF,#00FFFF
#FF0000,#FF0000,#FF0000,#FF0000,#FF0000,#00FFFF,#00FFFF,#00FFFF,#00FFFF,#00FFFF
#FFFF00,#800080,#800080,#800080,#800080,#00FFFF,#00FFFF,#00FFFF,#00FFFF,#00FFFF
#FFFF00,#800080,#800080,#800080,#800080,#00FFFF,#00FFFF,#00FFFF,#00FFFF,#00FFFF
#FFFF00,#800080,#800080,#800080,#800080,#00FFFF,#00FFFF,#00FFFF,#00FFFF,#00FFFF
#FFFF00,#800080,#800080,#800080,#800080,#00FFFF,#00FFFF,#00FFFF,#00FFFF,#00FFFF
#FFFF00,#800080,#800080,#800080,#800080,#00FFFF,#00FFFF,#00FFFF,#00FFFF,#00FFFF
#FF0000,#FF0000,#FF0000,#FF0000,#FF0000,#00FFFF,#00FFFF,#00FFFF,#00FFFF,#00FFFF
#FF0000,#FF0000,#FF0000,#FF0000,#FF0000,#00FFFF,#00FFFF,#00FFFF,#00FFFF,#00FFFF
#FF0000,#FF0000,#FF0000,#FF0000,#FF0000,#00FFFF,#00FFFF,#00FFFF,#00FFFF,#00FFFF
#FF0000,#FF0000,#FF0000,#FF0000,#FF0000,#00FFFF,#00FFFF,#00FFFF,#00FFFF,#00FFFF
#FF0000,#FF0000,#FF0000,#FF0000,#FF0000,#800080,#800080,#800080,#800080,#800080
#FFFF00,#FFFF00,#FFFF00,#FFFF00,#FFFF00,#800080,#800080,#800080,#800080,#800080
#FFFF00,#FFFF00,#FFFF00,#FFFF00,#FFFF00,#800080,#800080,#800080,#800080,#800080
